Workbook

Sheet DataSheet
A1: Consumer Price Index for All Urban Consumers (CPI-U)
A2: Original Data Value
A4: Series Id: | B4: CUUR0000SA0
A5: Not Seasonally Adjusted
A6: Series Title: | B6: All items in U.S. city average, all urban consumers, not seasonally adjusted
A7: Area: | B7: U.S. city average
A8: Item: | B8: All items
A9: Base Period: | B9: 1982-84=100
A10: Years: | B10: 1975 to 2025
A12: Year | B12: Jan | C12: Feb | D12: Mar | E12: Apr | F12: May | G12: Jun | H12: Jul | I12: Aug | J12: Sep | K12: Oct | L12: Nov | M12: Dec | N12: HALF1 | O12: HALF2
A13: 1975 | B13: 52.1 | C13: 52.5 | D13: 52.7 | E13: 52.9 | F13: 53.2 | G13: 53.6 | H13: 54.2 | I13: 54.3 | J13: 54.6 | K13: 54.9 | L13: 55.3 | M13: 55.5
A14: 1976 | B14: 55.6 | C14: 55.8 | D14: 55.9 | E14: 56.1 | F14: 56.5 | G14: 56.8 | H14: 57.1 | I14: 57.4 | J14: 57.6 | K14: 57.9 | L14: 58 | M14: 58.2
A15: 1977 | B15: 58.5 | C15: 59.1 | D15: 59.5 | E15: 60 | F15: 60.3 | G15: 60.7 | H15: 61 | I15: 61.2 | J15: 61.4 | K15: 61.6 | L15: 61.9 | M15: 62.1
A16: 1978 | B16: 62.5 | C16: 62.9 | D16: 63.4 | E16: 63.9 | F16: 64.5 | G16: 65.2 | H16: 65.7 | I16: 66 | J16: 66.5 | K16: 67.1 | L16: 67.4 | M16: 67.7
A17: 1979 | B17: 68.3 | C17: 69.1 | D17: 69.8 | E17: 70.6 | F17: 71.5 | G17: 72.3 | H17: 73.1 | I17: 73.8 | J17: 74.6 | K17: 75.2 | L17: 75.9 | M17: 76.7
A18: 1980 | B18: 77.8 | C18: 78.9 | D18: 80.1 | E18: 81 | F18: 81.8 | G18: 82.7 | H18: 82.7 | I18: 83.3 | J18: 84 | K18: 84.8 | L18: 85.5 | M18: 86.3
A19: 1981 | B19: 87 | C19: 87.9 | D19: 88.5 | E19: 89.1 | F19: 89.8 | G19: 90.6 | H19: 91.6 | I19: 92.3 | J19: 93.2 | K19: 93.4 | L19: 93.7 | M19: 94
A20: 1982 | B20: 94.3 | C20: 94.6 | D20: 94.5 | E20: 94.9 | F20: 95.8 | G20: 97 | H20: 97.5 | I20: 97.7 | J20: 97.9 | K20: 98.2 | L20: 98 | M20: 97.6
A21: 1983 | B21: 97.8 | C21: 97.9 | D21: 97.9 | E21: 98.6 | F21: 99.2 | G21: 99.5 | H21: 99.9 | I21: 100.2 | J21: 100.7 | K21: 101 | L21: 101.2 | M21: 101.3
A22: 1984 | B22: 101.9 | C22: 102.4 | D22: 102.6 | E22: 103.1 | F22: 103.4 | G22: 103.7 | H22: 104.1 | I22: 104.5 | J22: 105 | K22: 105.3 | L22: 105.3 | M22: 105.3 | N22: 102.9 | O22: 104.9
A23: 1985 | B23: 105.5 | C23: 106 | D23: 106.4 | E23: 106.9 | F23: 107.3 | G23: 107.6 | H23: 107.8 | I23: 108 | J23: 108.3 | K23: 108.7 | L23: 109 | M23: 109.3 | N23: 106.6 | O23: 108.5
A24: 1986 | B24: 109.6 | C24: 109.3 | D24: 108.8 | E24: 108.6 | F24: 108.9 | G24: 109.5 | H24: 109.5 | I24: 109.7 | J24: 110.2 | K24: 110.3 | L24: 110.4 | M24: 110.5 | N24: 109.1 | O24: 110.1
A25: 1987 | B25: 111.2 | C25: 111.6 | D25: 112.1 | E25: 112.7 | F25: 113.1 | G25: 113.5 | H25: 113.8 | I25: 114.4 | J25: 115 | K25: 115.3 | L25: 115.4 | M25: 115.4 | N25: 112.4 | O25: 114.9
A26: 1988 | B26: 115.7 | C26: 116 | D26: 116.5 | E26: 117.1 | F26: 117.5 | G26: 118 | H26: 118.5 | I26: 119 | J26: 119.8 | K26: 120.2 | L26: 120.3 | M26: 120.5 | N26: 116.8 | O26: 119.7
A27: 1989 | B27: 121.1 | C27: 121.6 | D27: 122.3 | E27: 123.1 | F27: 123.8 | G27: 124.1 | H27: 124.4 | I27: 124.6 | J27: 125 | K27: 125.6 | L27: 125.9 | M27: 126.1 | N27: 122.7 | O27: 125.3
A28: 1990 | B28: 127.4 | C28: 128 | D28: 128.7 | E28: 128.9 | F28: 129.2 | G28: 129.9 | H28: 130.4 | I28: 131.6 | J28: 132.7 | K28: 133.5 | L28: 133.8 | M28: 133.8 | N28: 128.7 | O28: 132.6
A29: 1991 | B29: 134.6 | C29: 134.8 | D29: 135 | E29: 135.2 | F29: 135.6 | G29: 136 | H29: 136.2 | I29: 136.6 | J29: 137.2 | K29: 137.4 | L29: 137.8 | M29: 137.9 | N29: 135.2 | O29: 137.2
A30: 1992 | B30: 138.1 | C30: 138.6 | D30: 139.3 | E30: 139.5 | F30: 139.7 | G30: 140.2 | H30: 140.5 | I30: 140.9 | J30: 141.3 | K30: 141.8 | L30: 142 | M30: 141.9 | N30: 139.2 | O30: 141.4
A31: 1993 | B31: 142.6 | C31: 143.1 | D31: 143.6 | E31: 144 | F31: 144.2 | G31: 144.4 | H31: 144.4 | I31: 144.8 | J31: 145.1 | K31: 145.7 | L31: 145.8 | M31: 145.8 | N31: 143.7 | O31: 145.3
A32: 1994 | B32: 146.2 | C32: 146.7 | D32: 147.2 | E32: 147.4 | F32: 147.5 | G32: 148 | H32: 148.4 | I32: 149 | J32: 149.4 | K32: 149.5 | L32: 149.7 | M32: 149.7 | N32: 147.2 | O32: 149.3
A33: 1995 | B33: 150.3 | C33: 150.9 | D33: 151.4 | E33: 151.9 | F33: 152.2 | G33: 152.5 | H33: 152.5 | I33: 152.9 | J33: 153.2 | K33: 153.7 | L33: 153.6 | M33: 153.5 | N33: 151.5 | O33: 153.2
... A62: 2024 | B62: 308.417 | C62: 310.326 | D62: 312.332 | E62: 313.548 | F62: 314.069 | G62: 314.175 | H62: 314.54 | I62: 314.796 | J62: 315.301 | K62: 315.664 | L62: 315.493 | M62: 315.605 | N62: 312.145 | O62: 315.233
A63: 2025 | B63: 317.671 | C63: 319.082 | D63: 319.799 | E63: 320.795 | F63: 321.465 | G63: 322.561 | H63: 323.048 | I63: 323.976 | N63: 320.229

Sheet CPI Per Year
A1: Year | B1: Mean | C1: Median | D1: Mode | E1: Standard Deviation
A2: 1975 | B2: =AVERAGE(DataSheet!B13:M13) -> 53.816667 | C2: =MEDIAN(DataSheet!B13:M13) -> 53.9 | D2: =MODE(DataSheet!B13:M13) -> #N/A | E2: =STDEVA(DataSheet!B13:M13) -> 1.1440227
A3: 1976 | B3: =AVERAGE(DataSheet!B14:M14) -> 56.908333 | C3: =MEDIAN(DataSheet!B14:M14) -> 56.95 | D3: =MODE(DataSheet!B14:M14) -> #N/A | E3: =STDEVA(DataSheet!B14:M14) -> 0.92388344
A4: 1977 | B4: =AVERAGE(DataSheet!B15:M15) -> 60.608333 | C4: =MEDIAN(DataSheet!B15:M15) -> 60.85 | D4: =MODE(DataSheet!B15:M15) -> #N/A | E4: =STDEVA(DataSheet!B15:M15) -> 1.1453132
A5: 1978 | B5: =AVERAGE(DataSheet!B16:M16) -> 65.233333 | C5: =MEDIAN(DataSheet!B16:M16) -> 65.45 | D5: =MODE(DataSheet!B16:M16) -> #N/A | E5: =STDEVA(DataSheet!B16:M16) -> 1.7905476
A6: 1979 | B6: =AVERAGE(DataSheet!B17:M17) -> 72.575 | C6: =MEDIAN(DataSheet!B17:M17) -> 72.7 | D6: =MODE(DataSheet!B17:M17) -> #N/A | E6: =STDEVA(DataSheet!B17:M17) -> 2.7637672
A7: 1980 | B7: =AVERAGE(DataSheet!B18:M18) -> 82.408333 | C7: =MEDIAN(DataSheet!B18:M18) -> 82.7 | D7: =MODE(DataSheet!B18:M18, 12) -> 82.7 | E7: =STDEVA(DataSheet!B18:M18) -> 2.6137602
A8: 1981 | B8: =AVERAGE(DataSheet!B19:M19) -> 90.925 | C8: =MEDIAN(DataSheet!B19:M19) -> 91.1 | D8: =MODE(DataSheet!B19:M19) -> #N/A | E8: =STDEVA(DataSheet!B19:M19) -> 2.4484225
A9: 1982 | B9: =AVERAGE(DataSheet!B20:M20) -> 96.5 | C9: =MEDIAN(DataSheet!B20:M20) -> 97.25 | D9: =MODE(DataSheet!B20:M20) -> #N/A | E9: =STDEVA(DataSheet!B20:M20) -> 1.5521246
A10: 1983 | B10: =AVERAGE(DataSheet!B21:M21) -> 99.6 | C10: =MEDIAN(DataSheet!B21:M21) -> 99.7 | D10: =MODE(DataSheet!B21:M21) -> 97.9 | E10: =STDEVA(DataSheet!B21:M21) -> 1.3232192
A11: 1984 | B11: =AVERAGE(DataSheet!B22:M22) -> 103.88333 | C11: =MEDIAN(DataSheet!B22:M22) -> 103.9 | D11: =MODE(DataSheet!B22:M22) -> 105.3 | E11: =STDEVA(DataSheet!B22:M22) -> 1.2194137
A12: 1985 | B12: =AVERAGE(DataSheet!B23:M23) -> 107.56667 | C12: =MEDIAN(DataSheet!B23:M23) -> 107.7 | D12: =MODE(DataSheet!B23:M23) -> #N/A | E12: =STDEVA(DataSheet!B23:M23) -> 1.1956994
A13: 1986 | B13: =AVERAGE(DataSheet!B24:M24) -> 109.60833 | C13: =MEDIAN(DataSheet!B24:M24) -> 109.55 | D13: =MODE(DataSheet!B24:M24) -> 109.5 | E13: =STDEVA(DataSheet!B24:M24) -> 0.64308678
A14: 1987 | B14: =AVERAGE(DataSheet!B25:M25) -> 113.625 | C14: =MEDIAN(DataSheet!B25:M25) -> 113.65 | D14: =MODE(DataSheet!B25:M25) -> 115.4 | E14: =STDEVA(DataSheet!B25:M25) -> 1.5100421
A15: 1988 | B15: =AVERAGE(DataSheet!B26:M26) -> 118.25833 | C15: =MEDIAN(DataSheet!B26:M26) -> 118.25 | D15: =MODE(DataSheet!B26:M26) -> #N/A | E15: =STDEVA(DataSheet!B26:M26) -> 1.7233468
A16: 1989 | B16: =AVERAGE(DataSheet!B27:M27) -> 123.96667 | C16: =MEDIAN(DataSheet!B27:M27) -> 124.25 | D16: =MODE(DataSheet!B27:M27) -> #N/A | E16: =STDEVA(DataSheet!B27:M27) -> 1.6516291
A17: 1990 | B17: =AVERAGE(DataSheet!B28:M28) -> 130.65833 | C17: =MEDIAN(DataSheet!B28:M28) -> 130.15 | D17: =MODE(DataSheet!B28:M28) -> 133.8 | E17: =STDEVA(DataSheet!B28:M28) -> 2.3403412
A18: 1991 | B18: =AVERAGE(DataSheet!B29:M29) -> 136.19167 | C18: =MEDIAN(DataSheet!B29:M29) -> 136.1 | D18: =MODE(DataSheet!B29:M29) -> #N/A | E18: =STDEVA(DataSheet!B29:M29) -> 1.1835681
A19: 1992 | B19: =AVERAGE(DataSheet!B30:M30) -> 140.31667 | C19: =MEDIAN(DataSheet!B30:M30) -> 140.35 | D19: =MODE(DataSheet!B30:M30) -> #N/A | E19: =STDEVA(DataSheet!B30:M30) -> 1.3085963
... A52: 2025 | B52: =AVERAGE(DataSheet!B63:M63) -> 321.04962 | C52: =MEDIAN(DataSheet!B63:M63) -> 321.13 | D52: =MODE(DataSheet!B63:M63) -> #N/A | E52: =STDEVA(DataSheet!B63:M63) -> 2.1357339
